No,Area,Cabang,Kode,Nama Toko,Jenis Toko,Alamat,Hotel VASA (Ya/Tidak),Hotel IBIS Budget (Ya/Tidak),cadangan ke â€¦ (hanya untuk toko cadangan),Kadiv Mitra 10,Jumlah orang,Nama Undangan,Meja VIP,Keterangan
1,4,JOGJA,15A02010100,"CATUR MITRA SEJATI SENTOSA, PT",MTO,JOGJA,Tidak,Ya,,1,1,ARFAN,,
2,4,MAGELANG,14G05010014,LUWES,TRO,A.YANI 103,Ya,Tidak,,,2,LILY ,,
3,4,PEKALONGAN,14C01090004,DHARMA RAYA,TRO,PAHLAWAN GEIK,Ya,Tidak,,,2,FAUZIAH HANI / DARMAWAN,,
4,4,PEKALONGAN,14C02040005,JADI UTAMA,TRO,PERHUTANI KIOS NO 1 PASAR BANDAR,Ya,Tidak,,,2,MARTININGSIH BAMBANG,,
5,4,PURWOKERTO,14B01010070,"KARANGTURI MANDIRI, CV",TRO,KOM BB SUPRAPTO 18,Ya,Tidak,,,2,SUGENG PRAYITNO,,
6,4,PURWOKERTO,14B01190011,"PELITA SATRIA PERKASA, PT ",MTO, MENTERI SOEPENO 3 BANYUMAS,Ya,Tidak,,,2,IFU & MEI LIN,,
7,4,PURWOREJO,14E03010023,"SAMI JAYA,CV ",MTO,"SUPRAPTO 20 RT.07 RW 03, KEBUMEN",Ya,Tidak,,,2,FRANSISKA,,
8,4,PURWOREJO,14E03010049,"SUMBER BANGUNAN, CV",TRO,"LENJEND SUPRAPTO 65A BUMIREJO, KEBUMEN",Ya,Tidak,,,2,ROY SAYOGA S,,
9,4,SEMARANG,14F01030024,"WIDA UTAMA, PT ",MTO,MT. HARYONO 521 SEMARANG,Ya,Tidak,,,2,LILIK WINARNI & SANTI,,
10,4,SEMARANG,14F01090012,"ASAYA JAYA BERSAMA SEJAHTERA, PT ",MTO,"MAJAPAHIT  256-258, KALICARI PEDURUNGAN, SEMARANG",Ya,Tidak,,,2,VIANITA & FARIS ,,(Pak Faris tanpa klaim transport & hotel)
11,4,SEMARANG,14F02010068,LASIJO,TRO,"JL MERDEKA (RUKO SEBELAH PEMANCINGAN), UNGARAN",Ya,Tidak,,,2,TITUS,,
12,4,SUKOHARJO,14J01030005,"KOTA BARU INDAH, CV ",MTO,"JL. MAYOR SUNARYO NO. 47 RT. 002 RW. 002, KLATEN",Ya,Tidak,,,2,TJANDRA AGUS BUDIMAN,,
13,4,TEGAL,14A02090019,MOHAMAD BARID,TRO,DIPONEGORO 16,Ya,Tidak,,,2,ADHE FIRMAN FIRDAUS,,
14,4,YOGYAKARTA BARAT,15A04020047,"AZIDAR MAKMUR RAYA, CV ",TRO,SOROGENEN,Ya,Tidak,,,2,SITI ENDARWATI W,,
15,4,YOGYAKARTA TIMUR,15B01050093,"MULIA JAYA, CV ",MTO,"RAYA TAJEM, SLEMAN",Ya,Tidak,,,2,JING,,
16,4,YOGYAKARTA TIMUR,15B02060033,SURATMAN,TRO,TIMUR PROLIMAN BALEHARJO KM 1,Ya,Tidak,,,2,SUWARSIH WARSONO S,,
17,4,YOGYAKARTA TIMUR,15B03060001,"BANGUNAN JAYA MANDIRI, PT ",MTO,"RAYA JANTI RINGROAD TIMUR 96 KANOMAN, JOGJA",Ya,Tidak,,,2,HENKY,,
18,5,BANYUWANGI,16I01010020,SOEJONO,TRO,DIPONEGORO 39 (SEBELAH APOTIK DIPONEGORO),Ya,Tidak,,,2,DHARMA GUNAWAN,,
19,5,BANYUWANGI,16I01080004,SUMBER REJEKI,TRO,RAYA ASEMBAGUS,Ya,Tidak,,,2,HENGKY BUDIANTO WIJAYA,,
20,5,JEMBER,16H01020015,SURYA NAGA (SAMPURNA HADI),MTO,LETJEN S. PARMAN 91,Ya,Tidak,,,2,SAMPURAN HADI,,
21,5,JEMBER,16H01050008,"RAJAWALI PUTRA, CV ",MTO,DHARMAWANGSA 145,Ya,Tidak,,,2,HADI GEMPA,,
22,5,JEMBER,16H01160001,DUTA KERAMIK,TRO,KARTINI 5,Ya,Tidak,,,2,RUDY PURNOMO SUDARMAN,,
23,5,JEMBER,16H01190005,JAYA SENTOSA (SUHARTONO),TRO,RAYA SUYITMAN 38,Ya,Tidak,,,2,SUHARTONO SUBAGIO,,
24,5,JOMBANG,16L01010002,SELAMET,TRO,"DSN. REJOSARI, DS. TINGGAR,",Tidak,Tidak,,,2,NANANG HARI,,
25,5,JOMBANG,16L01020001,DADI MULYO,TRO,DR. SUTOMO 58,Tidak,Tidak,,,2,ALI,,
26,5,JOMBANG,16L01030010,LANCAR,TRO,M. YAMIN 28,Tidak,Tidak,,,2,KHOIRUL,,
27,5,JOMBANG,16L01030012,"MAJU BERSAMA, UD ",TRO,SELATAN POLSEK DIWEK-KWARON,Tidak,Tidak,,,2,SUBAGIO,,
28,5,JOMBANG,16L01030015,PUTRA JAYA,TRO,RAYA CUKIR MOJOWARNO,Tidak,Tidak,,,2,HARIS,,
29,5,JOMBANG,16L01030016,"SARI ALAM MULIA, UD ",TRO,RAYA CEWENG (PERTIGAAN),Tidak,Tidak,,,2,ARDAN,,
30,5,JOMBANG,16L01040009,"MURAH ABADI, CV ",TRO,DSN BLIMBING,Tidak,Tidak,,,2,JONATAN,,
31,5,JOMBANG,16L01040012,SANTOSO (HOK),TRO,RAYA BLIMBING 52,Tidak,Tidak,,,2,SRI WAHYUNI,,
32,5,JOMBANG,16L01060014,"GARUDA MAS, UD ",TRO,MERDEKA 123,Tidak,Tidak,,,2,MELINDA,,
33,5,JOMBANG,16L01060027,PODO MAPAN,TRO,MERDEKA 102,Tidak,Tidak,,,2,MEME,,
34,5,JOMBANG,16L01060042,SINAR MAS,TRO,MERDEKA 39,Tidak,Tidak,,,2,YOHANA,,
35,5,JOMBANG,16L01110004,"BIMA PUTRA, UD ",TRO,RAYA MOJOROTO (DEPAN SDN MOJOROTO),Tidak,Tidak,,,2,MUJIB,,
36,5,JOMBANG,16L01110006,HALIMI,TRO,RAYA 159,Tidak,Tidak,,,2,HANI,,
37,5,JOMBANG,16L01120010,"SINAR ALAM, UD ",TRO,RAYA MOJAWARNO PERTIGAAN BONGSO,Tidak,Tidak,,,2,IKA,,
38,5,JOMBANG,16L01130007,OKTA MANDIRI,TRO,BROMO 19,Tidak,Tidak,,,2,LINDAWATI,,
39,5,JOMBANG,16L01130015,PUTRA SANTOSO,TRO,SUROPATI 18,Tidak,Tidak,,,2,ANDI,,
40,5,JOMBANG,16L01150001,AGUNG LESTARI 2,TRO,TEMOWULAN (RAYA NGRANDU-PERAK 6),Tidak,Tidak,,,2,KHOIRUL,,
41,5,JOMBANG,16L01150002,ALKAUTSAR,TRO,DS. SUMBER AGUNG (POM BENSIN PERAK KE SELATAN),Tidak,Tidak,,,2,SANDOKO,,
42,5,JOMBANG,16L01150010,"LUMINTU, JUWET",TRO,GLAGAHAN,Tidak,Tidak,,,2,EKO,,
43,5,JOMBANG,16L01160010,"SUMBER URIP, UD ",TRO,RAYA PETERONGAN 104,Tidak,Tidak,,,2,AFUK,,
44,5,JOMBANG,16L01180001,"AN, UD ",TRO,P. SUDIRMAN,Tidak,Tidak,,,2,ANI,,
45,5,JOMBANG,16L01190001,ABC,TRO,MUKA STASIUN SUMOBITO 475,Tidak,Tidak,,,2,LIA,,
46,5,JOMBANG,16L01210001,HARAPAN BARU,TRO,RAYA KANDANGAN-WONOSALAM KM-7,Tidak,Tidak,,,2,KETUT,,
47,5,JOMBANG,16L02010027,SUMBER SARI,TRO,PAHLAWAN 15,Tidak,Tidak,,,2,ROY,,
48,5,JOMBANG,16L02020003,HASIL JAYA MAKMUR,TRO,DSN. BALONGKRAI,Tidak,Tidak,,,2,SUHANADI,,
49,5,JOMBANG,16L02020009,RATNA JAYA P,TRO,PRAJURIT KULON 64,Tidak,Tidak,,,2,JUSUF OKARI,,
50,5,JOMBANG,16L02020010,SINAR ALAM,TRO,"SUROMULANG RAYA 29-31, PERUM SURODINAWAN",Tidak,Tidak,,,2,ABDULLAH,,
51,5,JOMBANG,16L02030003,"H. IM, UD ",TRO,RAYA PACING (PINGGIR MASJID),Tidak,Tidak,,,2,LUNA,,
52,5,JOMBANG,16L02030010,"PUTRA JAYA, UD ",TRO,DS. NGUMPAK,Tidak,Tidak,,,2,SUGIANTO,,
53,5,JOMBANG,16L02050007,SIDO MAKMUR,TRO,DS KALEN MOJOKERTO,Tidak,Tidak,,,2,KAMAL,,
54,5,JOMBANG,16L02100001,3 SERANGKAI,TRO,RAYA KEMLAGI DEPAN LAPANGAN KEMLAGI,Tidak,Tidak,,,2,AFAN,,
55,5,JOMBANG,16L02110005,INDAH JAYA,TRO,RAYA PESANGGARAHAN 271,Tidak,Tidak,,,2,SAMSUL,,
56,5,JOMBANG,16L02110012,SUMBER AGUNG,TRO,RY MOJOSARI PACET,Tidak,Tidak,,,2,JAJANG,,
57,5,JOMBANG,16L02110014,DUA SAUDARA,TRO,DIPONEGORO PERTIGAAN KUTOREJO,Tidak,Tidak,,,2,ARIFIN,,
58,5,JOMBANG,16L02130003,AL RAHMAH,TRO,KARTINI 63,Tidak,Tidak,,,2,USWATUN,,
59,5,JOMBANG,16L02130006,"BAHRUL RIZQYAH, UD ",TRO,NGAGROK,Tidak,Tidak,,,2,BUDI,,
60,5,JOMBANG,16L02130010,"CENTRAL PEMBANGUNAN, UD ",TRO,MASJID 23/25,Tidak,Tidak,,,2,NIAM,,
61,5,JOMBANG,16L02130013,ETERNA,TRO,"DSN. LEMIRING, DESA LEMINGGIR, RT.19, RW.05",Tidak,Tidak,,,2,ERWIN,,
62,5,JOMBANG,16L02130029,NIKMAH JAYA,TRO,RADEN WIJAYA-KEMLOKO,Tidak,Tidak,,,2,IFA,,
63,5,JOMBANG,16L02130037,"SUMBER ABADI, UD ",TRO,RAYA BRAWIJAYA 3,Tidak,Tidak,,,2,HERIE,,
64,5,JOMBANG,16L02130043,SURYA JAYA,TRO,NIAGA 21,Tidak,Tidak,,,2,BRYANT,,
65,5,JOMBANG,16L02140011,"MIRA MAKMUR, UD ",TRO,RAYA WONOSARI 4,Tidak,Tidak,,,2,MALA,,
66,5,JOMBANG,16L02140018,VIANT JAYA ABADI,TRO,RAYA JOLOTUNDO 5,Tidak,Tidak,,,2,YANI,,
67,5,JOMBANG,16L02150003,LANCAR,TRO,BUNG TOMO 64 (PANDAN ARUM),Tidak,Tidak,,,2,SAMUEL,,
68,5,JOMBANG,16L02150006,PAUNDRA DAYU,TRO,RAYA PACET (DR. SUTOMO 47),Tidak,Tidak,,,2,RIFAI,,
69,5,JOMBANG,16L02160005,ILMA JAYA,TRO,DUSUN PASINAN KRAJAN DESA SEKARGADUNG,Tidak,Tidak,,,2,TIKNO,,
70,5,JOMBANG,16L02160009,SERBA LANCAR,TRO,A. YANI 37,Tidak,Tidak,,,2,LILIK,,
71,5,JOMBANG,16L03020005,LANCAR,TRO,UTARA SUMUR PANDAN 100M,Tidak,Tidak,,,2,HASAN,,
72,5,JOMBANG,16L03040006,TEGUH RAHAYU,TRO,BELAKANG PASAR GONDANG,Tidak,Tidak,,,2,HARDI,,
73,5,JOMBANG,16L03060005,LANCAR JAYA,TRO,IMAM BONJOL 84 TEMBARAK,Tidak,Tidak,,,2,FARID,,
74,5,JOMBANG,16L03060011,SRIKANDI,TRO,SUPRIYADI 17 / STAND RUKO SRIKANDI,Tidak,Tidak,,,2,FARID,,
75,5,JOMBANG,16L03070007,PODO ELING,TRO,DS. SAWAHAN,Tidak,Tidak,,,2,GAGUK,,
76,5,JOMBANG,16L03080001,AL-HUDA,TRO,SEMERU RT 008 RW 001 - SUKOREJO,Tidak,Tidak,,,2,LILIS,,
77,5,JOMBANG,16L03080008,MENTARI - LESTARI,TRO,WILIS GODEAN - LOCERET,Tidak,Tidak,,,2,HERI,,
78,5,JOMBANG,16L03080016,SEDERHANA,TRO,ANJUKLADANG 1,Tidak,Tidak,,,2,NING,,
79,5,JOMBANG,16L03090006,KARYA AGUNG,TRO,GATOT SUBROTO 74,Tidak,Tidak,,,2,UMI,,
80,5,JOMBANG,16L03090020,RYSKY,TRO,LETJEN SUPRAPTO,Tidak,Tidak,,,2,KADENO,,
81,5,JOMBANG,16L03090023,SURYA AGUNG,TRO,PANGLIMA SUDIRMAN 100,Ya,Tidak,,,2,FANI,,
82,5,JOMBANG,16L03090028,KAROMAH ABADI MAKMUR,TRO,CITANDUL,Tidak,Tidak,,,2,SITI,,
83,5,JOMBANG,16L03100002,LESTARI,TRO,RAYA KUNCIR NGETOS,Tidak,Tidak,,,2,LASTRI,,
84,5,JOMBANG,16L01030004,BUDI JAYA,TRO,RAYA BANDUNG,Tidak,Tidak,CADANGAN,,2,TANANG,,
85,5,JOMBANG,16L01040017,KREMBANGAN BANGUNAN,TRO,RY GUDO KREMBANGAN,Tidak,Tidak,CADANGAN,,2,BAMBANG,,
86,5,JOMBANG,16L01060013,GARUDA MAS 2,TRO,SAMBONG (KH. WAHAB CHASBULLAH 36),Tidak,Tidak,CADANGAN,,2,STALIN LIE,,
87,5,JOMBANG,16L01120009,SETIA UTAMA,TRO,CATAK GAYAM,Tidak,Tidak,CADANGAN,,2,SUCI,,
88,5,JOMBANG,16L01120020,PUTRA ELSA,TRO,DSN BRAJANG,Tidak,Tidak,CADANGAN,,2,IFA HALIM,,
89,5,JOMBANG,16L01160007,"SINAR ALAM, UD ",TRO,RAYA PETERONGAN 74/203,Tidak,Tidak,CADANGAN,,2,YULI,,
90,5,JOMBANG,16L02030013,SUMBER MANDIRI,TRO,DUSUN PUDAKSARI-PULONITI,Tidak,Tidak,CADANGAN,,2,ANIS,,
91,5,JOMBANG,16L02070002,SAHABAT II,TRO,RAYA PASAR POHJEJER (DEPAN PEMAKAMAN KARANG LO),Tidak,Tidak,CADANGAN,,2,AKRIS,,
92,5,JOMBANG,16L02110008,MRH,TRO,KALICANGKRING,Tidak,Tidak,CADANGAN,,2,SYAIFUL,,
93,5,JOMBANG,16L02120005,MARET MAKMUR,TRO,"RAYA SADAR, DS SADAR TENGAH",Tidak,Tidak,CADANGAN,,2,KUSNANDAR,,
94,5,JOMBANG,16L02130012,DUA PUTRI,TRO,S PARMAN MODOPURO MOJOSARI,Tidak,Tidak,CADANGAN,,2,FADIL,,
95,5,JOMBANG,16L02130024,MINI LANCAR,TRO,S. PARMAN,Tidak,Tidak,CADANGAN,,2,IMAM,,
96,5,JOMBANG,16L02140013,POJOK JAYA,TRO,RAYA GLATIK (PAK CARIK LAMA),Tidak,Tidak,CADANGAN,,2,ALFA,,
97,5,JOMBANG,16L02170001,BERKAT USAHA,TRO,RAYA SAMBIROTO,Tidak,Tidak,CADANGAN,,2,ELI,,
98,5,JOMBANG,16L02180007,ILHAM RIZKY,TRO,RA. BASUNI (WISMA SOOKO INDAH),Tidak,Tidak,CADANGAN,,2,ENI ,,
99,5,JOMBANG,16L02180010,"MAJU MAPAN, UD (LISA SARI DEWI)",TRO,RA BASOENI 150 A,Tidak,Tidak,CADANGAN,,2,BUDI,,
100,5,JOMBANG,16L02180019,"SINAR ALAM, UD ",TRO,RA. BASUNI 30-32,Tidak,Tidak,CADANGAN,,2,WIDIA,,
101,5,JOMBANG,16L03070001,AGUNG,TRO,DEPAN PASAR LENGKONG,Tidak,Tidak,CADANGAN,,2,NUNUK,,
102,5,JOMBANG,16L03170002,LANGGENG II,TRO,SEDUDO MARGO PATUT SAWAHAN,Tidak,Tidak,CADANGAN,,2,FITRI,,
103,5,JOMBANG,16L03170004,SUMBER REJO,TRO,SEDUDO,Tidak,Tidak,CADANGAN,,2,CIK MIN,,
104,5,KEDIRI,16E01010014,"KUNING LANGGENG SENTOSA, CV ",MTO,MERDEKA 124 RT 002 RW 004 KAUMAN,Ya,Tidak,,,2,ERIK,,
105,5,KEDIRI,16E01020015,PT.DWI BANGUN PERKASA PUTRA,MTO,CEMARA 238 RT/RW : 002/002 TLUMPU,Ya,Tidak,,,2,DANIEL LIM,,
106,5,KEDIRI,16E02010081,"KARUNIA ABADI MANDIRI SENTOSA, PT",MTO,KAPTEN TENDEAN BLABAK PESANTREN,Ya (sharing),Tidak,,,1,EKO,,
107,5,KEDIRI,16E02050024,INTI KOKOH MAKMUR SEHATI. PT ,MTO,ERLANGGA GOGORANTE NGASEM,Ya (sharing),Tidak,,,1,DEDDY,,
108,5,KEDIRI,16E04010023,HERO / CV HUTAMA BANGUN SEJAHTERA,MTO,PANGERAN DIPONEGORO 133 A,Ya,Tidak,,,2,HERU & YULIAWATI,,
109,5,KEDIRI,16E04070006,ROMO WIJOYO PUTRO,TRO,TANJUNG KALIDAWIR,Ya,Tidak,,,2,GATUT SUNU WIBOWO,,
110,5,KEDIRI,16E04180015,"MITRA MEGAH BANGUNAN ABADI, PT",MTO,RAYA SUMBERGEMPOL DSN GEMPOL 100A,Ya,Tidak,,,2,DENY,,
111,5,MADIUN,16B01040018,MAJU (CV. MAJU BESI),MTO,COKROAMINOTO 28,Ya,Tidak,,,2,HENI YOSHIKA (CI SIU),,
112,5,MADIUN,16B01040061,"NEO COLOUR, CV",TRO,TRUNOJOYO 167,Ya,Tidak,,,2,YOGIANTO CHONDRO,,
113,5,MADIUN,16B01060004,SUCCESS WAREHOUSE,MTO,RAYA NGLAMES KM 5-TIRON,Tidak,Tidak,,,2,ELI,,
114,5,MADIUN,16B03010034,"BIMA ABADI SENTOSA, CV",TRO,KALPATARU,Ya,Tidak,,,2,HERU,,
115,5,MADIUN,16B04010004,BAJA JAYA,TRO,GATOT SUBROTO 22,Ya,Tidak,,,2,SUJITNO SUBROTO,,
116,5,MADURA,16J02050011,KURNIA,TRO,RAYA KETAPANG (DPN SMP 1),Ya,Tidak,,,2,H. MARSAT,,
117,5,MADURA,16J02060002,SINAR JAYA (SOKOBANAH),TRO,DPN PASAR TAMBERU,Ya,Tidak,,,2,FATHOR ROHMAN SAIM,,
118,5,MADURA,16J03010023,MERDEKA,TRO,TRUNOJOYO 88,Ya,Tidak,,,2,FARID SANTOSO,,
119,5,MALANG,16F01010003,SUMBER BANGUNAN,TRO,TIMUR SMPN AMPELGADING,Ya,Tidak,,,2,EDY PURWANTO,,
120,5,MALANG,16F01150016,OGAN (CV. GAWE JOYO),TRO,BONDOWOSO 29,Ya,Tidak,,,2,ONG LINKI,,
121,5,MALANG,16F01150017,SENG JAYA (EDY SURYANTO),TRO,SUTAN SYAHRIR 29,Ya,Tidak,,,2,EDY SURYANTO,,
122,5,MALANG,16F01150040,"SENG JAYA EXCLUSIVE, CV ",TRO,SULTAN SYAHRIR 29-B KASIN,Ya,Tidak,,,2,JOHAN SURYANTO,,
123,5,MALANG,16F01170002,BANGUN INDAH GRAHA (PT. BANGUN MEGA MAKMUR),MTO,SOEKARNO HATTA 68. MALANG,Ya,Tidak,,,2,DEWI & STANLEY,,
124,5,MALANG,16F01230001,"BANGUNAN, TB",MTO,RAYA JAGIL - PRIGEN 26,Tidak,Tidak,,,2,DENI,,
125,5,MALANG,16F01250026,"SENTRAL ABADI BANGUNAN, PT ",MTO,RAYA KARANGLO 131,Ya,Tidak,,,2,YURIA MIRAWATI,,
126,5,PROBOLINGGO,16G01030009,ATTAMANI BAROKAH,TRO,HANGTUAH 9 NGEMPLAKREJO,Tidak,Tidak,,,2,IMAM BAIDLAWI,,
127,5,PROBOLINGGO,16G02030028,CV TRI JAYA SUKSES,TRO,SOEKARNO HATTA 116,Tidak,Tidak,,,2,TJANDRA HERMANTO,,
128,5,SIDOARJO,16D01010011,SAN JAYA (PT. SANJAYA CITRA PRATAMA),TRO,TEUKU UMAR 17,Tidak,Tidak,,,2,CICILIA,,
129,5,SIDOARJO,16D01010034,"JAYA, UD ",TRO,SAMANHUDI 104 (DEPAN MASJID JASEM),Tidak,Tidak,,,2,FAUZI,,
130,5,SIDOARJO,16D01010037,SUBUR JAYA,TRO,RUKO PONDOK MUTIARA N 14-15,Tidak,Tidak,,,2,HONGGO HERMAWAN,,
131,5,SIDOARJO,16D01010047,JAYA MULYA,TRO,RAYA PAGERWOJO F7,Tidak,Tidak,,,2,SILVY,,
132,5,SIDOARJO,16D01010051,SUMBER BUMI,TRO,SUKO SUNGON,Tidak,Tidak,,,2,BAMBANG,,
133,5,SIDOARJO,16D01010059,"BERSATU JAYA, CV ",TRO,CEMENGKALANG RT.01 RW.01,Tidak,Tidak,,,2,HONGGO SANTOSO H.,,
134,5,SIDOARJO,16D01010061,"UTAMA BANGUNAN, CV ",TRO,RY CEMENG KALANG,Tidak,Tidak,,,2,SUDIRMAN,,
135,5,SIDOARJO,16D01010067,"SARI BUMI RAYA, UD ",TRO,LINGKAR TIMUR 1,Tidak,Tidak,,,2,MAT CHOIRI,,
136,5,SIDOARJO,16D01010094,"SARI BUMI RAYA, UD ",TRO,RAYA SUKO SUNGON RT. 4 RW. 1,Tidak,Tidak,,,2,AZIS MASHURI,,
137,5,SIDOARJO,16D01010148,"CATUR MITRA SEJATI SENTOSA, PT",MTO,SIDOARJO,Tidak,Tidak,,1,1,ANDRE,,
138,5,SIDOARJO,16D01010148,"CATUR MITRA SEJATI SENTOSA, PT",MTO,SIDOARJO ( HO MITRA10 TANGERANG ),Tidak,Ya,,,2,VANNY ARIUS ISKANDAR & ERIK CHRISTIAN,,"tiket utk erik dan varius, kamar hanya 1 sharing, kirim ke mendrisio"
139,5,SIDOARJO,16D01010148,"CATUR MITRA SEJATI SENTOSA, PT ",MTO,JENGGOLO NO 78 - 82,Tidak,Tidak,,,2,YULIAWATI,,
140,5,SIDOARJO,16D01010152,"HANTAR PRADA HARMONI, PT",TRO,WISMA SARINADI S NO 24,Tidak,Tidak,,,2,IIN,,
141,5,SIDOARJO,16D01010154,"ARGA BANGUN IDEAL, PT",TRO,"SEKAWAN RAYA NO 01, BUMI CITRA FAJAR",Tidak,Tidak,,,2,RONALD,,
142,5,SIDOARJO,16D01020002,KARUNIA,TRO,RAYA KEMIRI-BLURU KIDUL RT.02/RW.01,Tidak,Tidak,,,2,SUGENG,,
143,5,SIDOARJO,16D01020007,BAROKAH JAYA,TRO,WADUNG ASIH 22,Tidak,Tidak,,,2,FATIQ,,
144,5,SIDOARJO,16D01020010,DUA SATU "21",TRO,DS. ENTAL SEWU RT.13/RW.04,Tidak,Tidak,,,2,YONO,,
145,5,SIDOARJO,16D01020012,FAJAR MULIA,TRO,RANDU ASRI 2,Tidak,Tidak,,,2,AMIN,,
146,5,SIDOARJO,16D01020053,DUA PUTRI,TRO,DUSUN JAMBE,Tidak,Tidak,,,2,DIDIK,,
147,5,SIDOARJO,16D01020065,BAROKAH,TRO,PAGERWOJO BUDURAN - SIDOARJO,Tidak,Tidak,,,2,FANANI,,
148,5,SIDOARJO,16D01030002,"HANURA, UD ",TRO,GARUDA 4,Tidak,Tidak,,,2,H. ALI,,
149,5,SIDOARJO,16D01030006,SARI BUMI,TRO,RAJAWALI 22A,Tidak,Tidak,,,2,BUDI,,
150,5,SIDOARJO,16D01030020,SARI BUMI RAYA,TRO,PERUM PRANTI BLOK AO/9-10,Tidak,Tidak,,,2,IMAM BUSTHONI,,
151,5,SIDOARJO,16D01040009,"MEGADEPO INDONESIA, PT",MTO,SIDOARJO,Tidak,Tidak,,,2,JOHNNY LIYANTO,,
152,5,SIDOARJO,16D01040009,"MEGADEPO INDONESIA, PT ",MTO,SIDOARJO,Tidak,Tidak,,,2,HERY,,
153,5,SIDOARJO,16D01040009,"MEGADEPO INDONESIA, PT ",MTO,SIDOARJO,Tidak,Tidak,,,2,LINDA,,
154,5,SIDOARJO,16D01040058,TONINDO,TRO,JOYO BOYO 56 (BELAKANG MASPION 1),Tidak,Tidak,,,2,TONI,,
155,5,SIDOARJO,16D01050007,BUMI JAYA,TRO,GADUNG 27,Tidak,Tidak,,,2,AFUNG,,
156,5,SIDOARJO,16D01050014,JOYO MAS,TRO,BRIGJEND. KATAMSO 6-7,Tidak,Tidak,,,2,ALFIN,,
157,5,SIDOARJO,16D01050015,KARUNIA II,TRO,PERUM ALAM PESONA 2,Tidak,Tidak,,,2,IRIN,,
158,5,SIDOARJO,16D01050036,"SARI BUMI BANGUNAN, UD(PT. SARI BUMI SIDAYU)",MTO,LET.JEND. SUPRAPTO 12,Tidak,Tidak,,,2,ANAS,,
159,5,SIDOARJO,16D01050052,UTAMA JAYA,TRO,RUKO DELTASARI  AP-2,Tidak,Tidak,,,2,REZA,,
160,5,SIDOARJO,16D01050054,YANG ABADI,TRO,RAYA TROPODO 114,Tidak,Tidak,,,2,KOH YAM,,
161,5,SIDOARJO,16D01050091,SARI BUMI RAYA,TRO,RY NGINGAS SELATAN 6,Tidak,Tidak,,,2,DR SURUR,,
162,5,SIDOARJO,16D01050131,RIA JAYA,TRO,RAYA TAMBAK SAWAH 22A,Tidak,Tidak,,,2,SUYONO,,
163,5,SIDOARJO,16D01060004,"CENTRO BANGUNAN, UD ",TRO,"SAMBI BULU, BELAKANG PABRIK KAPAL API",Tidak,Tidak,,,2,ASTUTI,,
164,5,SIDOARJO,16D01060009,GANDA PUTRA,TRO,GELURAN 23,Tidak,Tidak,,,2,SANTO,,
165,5,SIDOARJO,16D01060013,HARAPAN JAYA,TRO,GELURAN BALAI DESA GG. JERUK I (POJOK),Tidak,Tidak,,,2,CAI MUSTONO,,
166,5,SIDOARJO,16D01060020,MAKMUR,TRO,WONOCOLO 101,Tidak,Tidak,,,2,FRANSISCO,,
167,5,SIDOARJO,16D01060021,"MEKAR JAYA 2, UD ",TRO,WISMA TROSOBO III/1,Tidak,Tidak,,,2,IMAM,,
168,5,SIDOARJO,16D01060022,"MURAH, UD ",TRO,MANGGA 104,Tidak,Tidak,,,2,ASWIN,,
169,5,SIDOARJO,16D01060069,"SARI BUMI, UD ",TRO,RAYA GELURAN 105,Tidak,Tidak,,,2,TAUFIK,,
170,5,SIDOARJO,16D01070009,BUMI JOYO,TRO,RAYA BUKIT PERMATA 1,Tidak,Tidak,,,2,JUARIYAH,,
171,5,SIDOARJO,16D01070016,FAJAR MULIA,TRO,RAYA PERUM KEBON AGUNG 58,Tidak,Tidak,,,2,LILIK,,
172,5,SIDOARJO,16D01070023,MULIA JAYA,TRO,BUKIT KWENI,Tidak,Tidak,,,2,MBAK TIN,,
173,5,SIDOARJO,16D01070030,"SIDOREJO, UD ",TRO,RAYA PETERONGAN,Tidak,Tidak,,,2,SUKARDI,,
174,5,SIDOARJO,16D01070056,BUMI JAYA,TRO,SUKO KETAPANG 24A DS.SUKO RT.01 RW.01,Tidak,Tidak,,,2,EDY,,
175,5,SIDOARJO,16D01070059,BUMI JAYA 3,TRO,RONGGOJALU,Tidak,Tidak,,,2,DENNY,,
176,5,SIDOARJO,16D01080001,"AGUS TRI JAYA, UD ",TRO,DS. WONOSARI (SEBELAH MASJID KLANTINGSARI),Tidak,Tidak,,,2,MILA,,
177,5,SIDOARJO,16D01080007,JARIYAH,TRO,DS. LUMBANG,Tidak,Tidak,,,2,AINUN JARIYAH,,
178,5,SIDOARJO,16D01080011,MITRA ABADI,TRO,RAYA SIRABAN 7,Tidak,Tidak,,,2,ANIS,,
179,5,SIDOARJO,16D01080017,SINAR MAS,TRO,RAYA KATES 9,Tidak,Tidak,,,2,HUDI,,
180,5,SIDOARJO,16D01080021,SURYA MAS,TRO,RAYA PILANG KM.6,Tidak,Tidak,,,2,ROJUL,,
181,5,SIDOARJO,16D01090002,ADI JAYA,TRO,RAYA SUNANDAR PRIYOSUDARMO 79,Tidak,Tidak,,,2,YUNI,,
182,5,SIDOARJO,16D01090009,HAPPY,TRO,KH. DEWANTARA 170,Tidak,Tidak,,,2,HAPPY,,
183,5,SIDOARJO,16D01090025,SONY,TRO,RAYA KEMANGSREN,Tidak,Tidak,,,2,SONY,,
184,5,SIDOARJO,16D01090064,SUMBER HARAPAN,TRO,KATERUNGAN,Tidak,Tidak,,,2,SURONO,,
185,5,SIDOARJO,16D01090066,RIZKY ABADI,TRO,PERUM JASMINE RESIDENCE BLOK B 14-15,Tidak,Tidak,,,2,JAMADI,,
186,5,SIDOARJO,16D01090077,BUMI REJO,TRO,DUKUH SEMAMPIR DESA SIDOREJO,Tidak,Tidak,,,2,SLAMET HARYANTO,,
187,5,SIDOARJO,16D01090079,SINAR JAYA,TRO,PERUM GRAHA PERMATA DSN MADU BRONTO SIDOREJO,Tidak,Tidak,,,2,FATKHUL ANAM,,
188,5,SIDOARJO,16D01090087,JATI LUHUR (SULASTRI),TRO,RAYA KRIAN 564,Tidak,Tidak,,,2,IWAN,,
189,5,SIDOARJO,16D01100015,BERKAH 2,TRO,PLUMPUNG BAKUNG PRINGGODANI,Tidak,Tidak,,,2,TUMIRIN,,
190,5,SIDOARJO,16D01100016,SEMBILAN-SEMBILAN,TRO,DUSUN SUWALUH UTARA,Tidak,Tidak,,,2,FAUZI,,
191,5,SIDOARJO,16D01110002,PRAMBON JAYA,TRO,RAYA PRAMBON 60,Tidak,Tidak,,,2,DENNY,,
192,5,SIDOARJO,16D01110003,"SIMA SAKTI, UD ",TRO,DS. PRAMBON RT.06/RW.01,Tidak,Tidak,,,2,LILIK,,
193,5,SIDOARJO,16D01110006,"DAMAI JAYA, UD ",TRO,RAYA BULANG 4,Tidak,Tidak,,,2,LEDY,,
194,5,SIDOARJO,16D01110009,AN JAYA (ANUGRAH JAYA),TRO,RAYA KEDUNGKEMBAR,Tidak,Tidak,,,2,SABAR,,
195,5,SIDOARJO,16D01110036,"BUMI BERKAH, TB",TRO,R. SIMO GIRANG (SEBELAH PERUM MUTIARA CITRA APSRI),Tidak,Tidak,,,2,PUJI,,
196,5,SIDOARJO,16D01120012,"PUTRA JAYA, UD ",TRO,UMBUT LEGI,Tidak,Tidak,,,2,SUKERI,,
197,5,SIDOARJO,16D01120016,"DIMAS PUTRA JAYA, UD ",TRO,DUSUN TEMPURAN ( DEPAN KORAMIL ),Tidak,Tidak,,,2,DESSY,,
198,5,SIDOARJO,16D01130002,AR JAYA,TRO,SUGIH WARAS RT.16/RW.04,Tidak,Tidak,,,2,ARIFIN,,
199,5,SIDOARJO,16D01130013,JAYA MAKMUR,TRO,RAYA CANDI 40-44,Tidak,Tidak,,,2,HALIM,,
200,5,SIDOARJO,16D01130016,KARYA GEMINI,TRO,RAYA SUMOKALI 2,Tidak,Tidak,,,2,BADRUL,,
201,5,SIDOARJO,16D01130032,"SARI BUMI RAYA, UD ",TRO,PERUM BUMI MULYO PERMAI A2-1,Tidak,Tidak,,,2,MASHUDI,,
202,5,SIDOARJO,16D01130040,SURYA AGUNG,TRO,SUNANDAR PRIYO SUDARMO RT A-17,Tidak,Tidak,,,2,HARTONO,,
203,5,SIDOARJO,16D01130082,"H. MANSUR, UD ",TRO,PERUM MUTIARA CITRA GRAHA BLOK I-5/2,Tidak,Tidak,,,2,NURIL,,
204,5,SIDOARJO,16D01130099,INDAH BANGUNAN,TRO,RAYA PERMATA CANDILOKA BLOK X1 & X2 BALONGGABUS,Tidak,Tidak,,,2,TONI,,
205,5,SIDOARJO,16D01140022,JAYA MAS,TRO,DESA KEDUNGANTEN UTARA,Tidak,Tidak,,,2,RYAN,,
206,5,SIDOARJO,16D01150009,TUMONO,TRO,RAYA KENONGO 6 (SBLH PASAR),Tidak,Tidak,,,2,MUJIB,,
207,5,SIDOARJO,16D01150014,"SINAR JAYA, UD ",TRO,KARANGPLOSO RT. 5 RW.4,Tidak,Tidak,,,2,ROHMAN,,
208,5,SIDOARJO,16D01150027,RIZQI,TRO,DESA PANGKEMIRI 5,Tidak,Tidak,,,2,MUNIR,,
209,5,SIDOARJO,16D01150037,SARI BUMI BERKAH,TRO,DEWI SARTIKA (PINTU MASUK PERUM GRAHA INDAH),Tidak,Tidak,,,2,YUDI,,
210,5,SIDOARJO,16D01160007,MEGAH CITRA BUANA,TRO,PASAR KEJAPANAN (TIMUR),Tidak,Tidak,,,2,H. GUFRON,,
211,5,SIDOARJO,16D01160027,"TUNAS BARU, UD ",TRO,BHAYANGKARI - JUWET (GEDANG),Tidak,Tidak,,,2,MUKHOROBIN,,
212,5,SIDOARJO,16D01160029,"TUNAS BARU II, UD ",TRO,RAYA DUKUH SARI JABON RT. 4 RW. 1,Tidak,Tidak,,,2,KHOLIL,,
213,5,SIDOARJO,16D01160037,SEMANGAT JAYA,TRO,JUWET KENONGO BHAYANGKARI,Tidak,Tidak,,,2,H. MARIFAH,,
214,5,SIDOARJO,16D01170002,SEMANGAT JADI JAYA. UD ,TRO,"KEDUNG RAWAN, TANJEK WAGIR",Tidak,Tidak,,,2,H. SUKIMAN,,
215,5,SIDOARJO,16D01170003,SINAR AGUNG,TRO,RAYA KREMBUNG 31,Tidak,Tidak,,,2,SUDARMAJI,,
216,5,SIDOARJO,16D88040004,"PANCA SEMPURNA JAYA, PT ",PRO,RUKO BLUKID SQUARE BLOK C/6,Tidak,Tidak,,,2,FERA,,
217,5,SIDOARJO,16D88040005,CIPTA INTI ADIDAYA,PRO,WIRABUMI 15,Tidak,Tidak,,,2,DILA,,
218,5,SIDOARJO,16D88040007,BIAN NIAGA BATUAN,PRO,KESATRIAN KM 6 NO 22 BUDURAN,Tidak,Tidak,,,2,AILY,,
219,5,SIDOARJO,16D88040008,"BHUMI KENCANA SEJAHTERA, PT",PRO,LINGKAR TIMUR KM 5.5,Tidak,Tidak,,,2,YAYUK,,
220,5,SIDOARJO,16D88040009,"DEWE MAKMUR SEJAHTERA, PT",PRO,KOMP. PERKANTORAN RUKO BLUKID SQUARE NO. C-05,Tidak,Tidak,,,2,LELY,,
221,5,SIDOARJO,16D88040011,"CAHAYA BANGUN PERSADA, CV",PRO,DELTA SARI INDAH BA-08,Tidak,Tidak,,,2,ANI,,
222,5,SIDOARJO,16D88040018,"PABRIK GULA CANDI BARU, PT",PRO,RAYA CANDI 10,Tidak,Tidak,,,2,WIWIK,,
223,5,SIDOARJO,16D01170019,SANJAYA PUSAT (PT. SANJAYA INTI PERKASA),TRO,RY KANDANGAN 30,Tidak,Tidak,CADANGAN,,2,IIN,,
224,5,SIDOARJO,16D01150041,REJEKI AGUNG,TRO,RAYA MODONG (SELATAN PINTU MASUK GRAHA PESONA),Tidak,Tidak,CADANGAN,,2,UDIN,,
225,5,SIDOARJO,16D01040047,JAYA SUBUR,TRO,WIRA BUMI 75,Tidak,Tidak,CADANGAN,,2,SYAHRONI,,
226,5,SIDOARJO,16D01040047,"LANCAR JAYA, CV ",TRO,SUMBER WARU,Tidak,Tidak,CADANGAN,,2,SYAIFUL,,
227,5,SIDOARJO,16D01050060,"BANUWA AGUNG, UD ",TRO,BRIGJEND KATAMSO 31,Tidak,Tidak,CADANGAN,,2,RISYA,,
228,5,SIDOARJO,16D01050050,USAHA BARU,TRO,RAYA TROPODO 10,Tidak,Tidak,CADANGAN,,2,YULIANA,,
229,5,SIDOARJO,16D01050038,"SINAR JAYA, UD ",TRO,JATI SARI BESAR 73,Tidak,Tidak,CADANGAN,,2,MAMIK,,
230,5,SIDOARJO,16D01150002,BERKAH,TRO,RAYA JANTI 1 RT.04/RW.04,Tidak,Tidak,CADANGAN,,2,MACHFUD,,
231,5,SIDOARJO,16D01150030,SARI BUMI BENDO,TRO,BENDO GROGOL RT 3/RW 4,Tidak,Tidak,CADANGAN,,2,SYAHRUL,,
232,5,SIDOARJO,16D01080003,BAROKAH JAYA,TRO,RAYA TANGGUL 2,Tidak,Tidak,CADANGAN,,2,IRFAN,,
233,5,SURABAYA BARAT,16K01010005,ASRI RAYA,TRO,TAMBAK ASRI 174,Tidak,Tidak,,,2,SUGIANTO,,
234,5,SURABAYA BARAT,16K01010010,"BOBY JAYA, UD ",TRO,GENTING TAMBAK DALAM 17,Tidak,Tidak,,,2,ZAINURI,,
235,5,SURABAYA BARAT,16K01010018,KARYA BARU,TRO,ASEM MULYO 18,Tidak,Tidak,,,2,H. SUPRIONO,,
236,5,SURABAYA BARAT,16K01020001,AL INAYAH 2,TRO,KLAKAH REJO 9,Tidak,Tidak,,,2,IDA,,
237,5,SURABAYA BARAT,16K01020003,AL-INAYAH,TRO,SEMEMI JAYA 06,Tidak,Tidak,,,2,ZAINUS,,
238,5,SURABAYA BARAT,16K01020031,SINAR INDAH,TRO,SEMEMI  49,Tidak,Tidak,,,2,LILY,,
239,5,SURABAYA BARAT,16K01030002,ADJI JAYA I,TRO,LAKARSANTRI 136,Tidak,Tidak,,,2,M. AMIR,,
240,5,SURABAYA BARAT,16K01030009,"ARTA LUMINTU, CV ",TRO,WISMA LIDAH KULON XK-02 BANGKINGAN,Tidak,Tidak,,,2,STEV,,
241,5,SURABAYA BARAT,16K01030014,CAHAYA MAKMUR,TRO,RAYA MENGANTI 750,Tidak,Tidak,,,2,WANTI,,
242,5,SURABAYA BARAT,16K01030024,HANA UTAMA,TRO,"WISMA LIDAH KULON BLOK A-6, SEPAT",Tidak,Tidak,,,2,ABDULAH,,
243,5,SURABAYA BARAT,16K01040001,ANIS JAYA,TRO,PAKAL MADYA TIMUR 1,Tidak,Tidak,,,2,H. MARSITO,,
244,5,SURABAYA BARAT,16K01040006,EVAN JAYA MAKMUR,TRO,NGASINAN/ BTC A-23,Tidak,Tidak,,,2,MAWAR,,
245,5,SURABAYA BARAT,16K01040007,GANESHA,TRO,DUKUH JERAWAT III/1,Tidak,Tidak,,,2,H. SUTO,,
246,5,SURABAYA BARAT,16K01040011,JAYA SENTOSA,TRO,NGASINAN  9,Tidak,Tidak,,,2,YENI,,
247,5,SURABAYA BARAT,16K01050030,SURYA JAYA,TRO,LONTAR 222,Tidak,Tidak,,,2,HIMAWAN,,
248,5,SURABAYA BARAT,16K01050032,SURYA KENCANA 2,TRO,RAYA LONTAR 114,Tidak,Tidak,,,2,SANTOSO,,
249,5,SURABAYA BARAT,16K01050039,TOKO BANGUNAN,TRO,TAMAN GAPURA BLOK I/15,Tidak,Tidak,,,2,LOVELY,,
250,5,SURABAYA BARAT,16K01050040,SEMERU,TRO,RAYA LONTAR 15,Tidak,Tidak,,,2,WILLY,,
251,5,SURABAYA BARAT,16K01060006,BANGUN REJEKI,TRO,DARMO SATELIT INDAH 18 C,Tidak,Tidak,,,2,YUWONO,,
252,5,SURABAYA BARAT,16K01060010,BIMA SUCI,TRO,RY DARMO PERMAI I / 92,Tidak,Tidak,,,2,PURWANINGSIH,,
253,5,SURABAYA BARAT,16K01060017,CAKRAWALA,TRO,RAYA DARMO PERMAI 19J,Tidak,Tidak,,,2,JHONY,,
254,5,SURABAYA BARAT,16K01060042,MAKMUR MOTOR (MB),TRO,RAYA DARMO HARAPAN EX 6,Tidak,Tidak,,,2,WIDYA,,
255,5,SURABAYA BARAT,16K01060061,SEJAHTERA,TRO,SIMO TAMBAAN 39,Tidak,Tidak,,,2,RATNA,,
256,5,SURABAYA BARAT,16K01060067,SINAR JAYA MAKMUR,TRO,RY DARMO INDAH 12,Tidak,Tidak,,,2,MELIANA,,
257,5,SURABAYA BARAT,16K01060083,VARIA,TRO,SUKO MANUNGGAL 210,Tidak,Tidak,,,2,CHRIS,,
258,5,SURABAYA BARAT,16K01060087,"ANUGERAH, CV ",TRO,RAYA TANJUNGSARI 46A RT. 002 RW. 002 TANJUNG SARI,Tidak,Tidak,,,2,HENDRA,,
259,5,SURABAYA BARAT,16K01070005,ANUGRAH,TRO,BALONGSARI TAMA G-4,Tidak,Tidak,,,2,JOLANNA SUTANTO,,
260,5,SURABAYA BARAT,16K01070022,DUA PUTRA,TRO,TENGGER RAYA I D ( DEPAN MAKAM ),Tidak,Tidak,,,2,EMI,,
261,5,SURABAYA BARAT,16K01070030,"HADI JAYA, UD ",TRO,KH. AMIR 28 MANUKAN,Tidak,Tidak,,,2,YUDI,,
262,5,SURABAYA BARAT,16K01070035,INTIVARIA,TRO,MANUKAN WETAN 32,Tidak,Tidak,,,2,ANANG,,
263,5,SURABAYA BARAT,16K01070040,JIMBARAN,TRO,RAYA HJ AMIR 32,Tidak,Tidak,,,2,SYENNY,,
264,5,SURABAYA BARAT,16K01070049,MAKMUR SEJATI,MTO,TRIKORA 100 MANOKWARI,Ya,Tidak,,,1,FABIAN,,
265,5,SURABAYA BARAT,16K01070050,"MAKMUR UTAMA KENCANA, PT ",MTO,YASIM GAMSUNGI - TERNATE,Ya,Tidak,,,4,"LOUISA & HENDRA ANG, ALAN & ISABELA",,
266,5,SURABAYA BARAT,16K01070055,"MEKAR, UD ",TRO,LONTAR 19 MANUKAN,Tidak,Tidak,,,2,DEWI,,
267,5,SURABAYA BARAT,16K01070094,SUMBER REJEKI,TRO,RAYA TANDES LOR 17A,Tidak,Tidak,,,2,MICHAEL,,
268,5,SURABAYA BARAT,16K01070098,TENG JOYO,TRO,MANUKAN KULON 56A,Tidak,Tidak,,,2,CIE MERLYN,,
269,5,SURABAYA BARAT,16K01070100,TITAN,TRO,BALONGSARI TAMA E.1,Tidak,Tidak,,,2,BUDI,,
270,5,SURABAYA BARAT,16K01070104,"VICTORY, UD ",TRO,RAYA TANDES LOR 17A,Tidak,Tidak,,,2,SUDIN,,
271,5,SURABAYA BARAT,16K02010001,AKBAR JAYA,TRO,DS SUMBER GONDANG BRT GAPURO MOJOPURO,Tidak,Tidak,,,2,IKHUL,,
272,5,SURABAYA BARAT,16K02010017,SUMBER LANCAR,TRO,RY BALONG PANGGANG 9,Tidak,Tidak,,,2,YUNIS,,
273,5,SURABAYA BARAT,16K02010018,SUMBER REJO,TRO,KEDUNG PRING12-14,Tidak,Tidak,,,2,AMIN,,
274,5,SURABAYA BARAT,16K02010022,JATI INDAH PUTRA I,TRO,RAYA WATES 45,Tidak,Tidak,,,2,PUTRI,,
275,5,SURABAYA BARAT,16K02010024,SINAR JAYA,TRO,RAYA PACUH NO 1,Tidak,Tidak,,,2,MUJI,,
276,5,SURABAYA BARAT,16K02020004,"HASIL BERSAMA, UD ",TRO,RAYA BULUREJO 54,Tidak,Tidak,,,2,H. BASORI,,
277,5,SURABAYA BARAT,16K02020014,UNTUNG BERSAMA 2,TRO,RAYA KEDUNG RUKEM,Tidak,Tidak,,,2,ARIN,,
278,5,SURABAYA BARAT,16K02030002,ANUGRAH,TRO,RAYA MASANGAN TIMUR,Tidak,Tidak,,,2,ARIFIN,,
279,5,SURABAYA BARAT,16K02030006,EVI INDAH,TRO,BUDI SANTOSO 88,Tidak,Tidak,,,2,KIKI,,
280,5,SURABAYA BARAT,16K02030013,RIMBA PERKASA,TRO,RAYA BUNGAH SIDAYU,Tidak,Tidak,,,2,HJ. NASUHA,,
281,5,SURABAYA BARAT,16K02030023,ANUGRAH DUA,TRO,RAYA BUNGAH GRESIK (100M UTARA JEMBATAN SEMBAYAT),Tidak,Tidak,,,2,SUZUD,,
282,5,SURABAYA BARAT,16K02040029,TUMBUH SUBUR,TRO,MOROWUDI 99 CERME,Tidak,Tidak,,,2,ANA,,
283,5,SURABAYA BARAT,16K02040034,SUMBER BANGUNAN,TRO,PERUM BANJARSARI ASRI GG XIV / 11-13,Tidak,Tidak,,,2,HERMIN,,
284,5,SURABAYA BARAT,16K02050015,"CANGKIR, UD ",TRO,RAYA CANGKIR KM 22 DRIYOREJO,Tidak,Tidak,,,2,SHINTIA,,
285,5,SURABAYA BARAT,16K02050041,MORODADI,TRO,RAYA LEGUNDI 611,Tidak,Tidak,,,2,SUYONO,,
286,5,SURABAYA BARAT,16K02050046,RODA MAS,TRO,INTAN KAVLING V / 27-28,Tidak,Tidak,,,2,ANIK,,
287,5,SURABAYA BARAT,16K02050058,SINAR BUKIT,TRO,BUKIT BAMBE AE 9,Tidak,Tidak,,,2,ERNI,,
288,5,SURABAYA BARAT,16K02050059,SINAR JAYA,TRO,UTARA SDN TANJUNGAN,Tidak,Tidak,,,2,HAMIDA,,
289,5,SURABAYA BARAT,16K02050072,SUMBER URIP,TRO,RAYA KARANGANDONG 177,Tidak,Tidak,,,2,ARIF,,
290,5,SURABAYA BARAT,16K02050079,"MAJU MAPAN, UD ",TRO,DESA KARANGANDONG,Tidak,Tidak,,,2,IRWAN,,
291,5,SURABAYA BARAT,16K02060002,INDAH JAYA BANGUN,TRO,RAYA GUNDUKAN KM.36,Tidak,Tidak,,,2,TITIN,,
292,5,SURABAYA BARAT,16K02060006,"SAMIR ISTANA BANGUNAN, UD ",TRO,RAYA DS SAMIR,Tidak,Tidak,,,2,IIS,,
293,5,SURABAYA BARAT,16K02060008,SEDIA,TRO,PASAR 331,Tidak,Tidak,,,2,MASBUIN,,
294,5,SURABAYA BARAT,16K02070006,"SUMBER JAYA, CV ",TRO,BENGAWAN SOLO,Tidak,Tidak,,,2,NAJIB,,
295,5,SURABAYA BARAT,16K02080021,GANGSAR 2 (KERAMIK),TRO,KAPTEN DARMO SUGONDO 4,Tidak,Tidak,,,2,SUKADI,,
296,5,SURABAYA BARAT,16K02080036,LANGGENG SANTOSO,TRO,USMAN SADAR 87 A,Tidak,Tidak,,,2,ANTON,,
297,5,SURABAYA BARAT,16K02080037,LOH JINAWI (KEBO MAS),TRO,USMAN SADAR 15,Tidak,Tidak,,,2,SUCI,,
298,5,SURABAYA BARAT,16K02080056,SUMBER AGUNG,TRO,DR. SUTOMO 74,Tidak,Tidak,,,2,ANTON,,
299,5,SURABAYA BARAT,16K02080062,VARIA INDAH,TRO,USMAN SADAR 18B,Tidak,Tidak,,,2,CHANDRA,,
300,5,SURABAYA BARAT,16K02080069,BAROKAH,TRO,SINDUJOYO GANG XVII,Tidak,Tidak,,,2,TIRTA WIJAYA,,
301,5,SURABAYA BARAT,16K02090004,"BANGUN GRIYA, UD ",TRO,KH SAFII 17 BUNDER,Tidak,Tidak,,,2,HERI,,
302,5,SURABAYA BARAT,16K02090019,JASA PERDANA,TRO,TAMBANG 1,Tidak,Tidak,,,2,KEMAL,,
303,5,SURABAYA BARAT,16K02090023,KOP. KKB (K3PG) PETROKIMIA,TRO,JEND A.YANI,Tidak,Tidak,,,2,ARIFIN,,
304,5,SURABAYA BARAT,16K02090031,PUTRA,TRO,GRESIK,Tidak,Tidak,,,2,YOUNG,,
305,5,SURABAYA BARAT,16K02090052,SUMBER WANGI V,TRO,DR WAHIDIN SUDIRO HUSODO 225,Tidak,Tidak,,,2,ILUL,,
306,5,SURABAYA BARAT,16K02100002,"ARYS JAYA, UD ",TRO,RY LANGSIR DS.SELEMPIT (DPN BALAI DS KEDAMAIAN),Tidak,Tidak,,,2,JULIATI,,
307,5,SURABAYA BARAT,16K02100017,SUMBER REJEKI,TRO,RAYA KEDAMEAN 66,Tidak,Tidak,,,2,AINUR,,
308,5,SURABAYA BARAT,16K02100021,VIVI JAYA,TRO,RY SIDOHARJO TRASENG (DPN MASJID),Tidak,Tidak,,,2,TRISNANDAR,,
309,5,SURABAYA BARAT,16K02110004,ARAH SUKSES,TRO,"KH SYAFII, DEPAN POM SUCI",Tidak,Tidak,,,2,ARIF,,
310,5,SURABAYA BARAT,16K02110006,AVIA,TRO,BANJAR BARU 04,Tidak,Tidak,,,2,BIAT,,
311,5,SURABAYA BARAT,16K02110007,AVIA PEGANDEN,TRO,RAYA PEGANDEN,Tidak,Tidak,,,2,ESTER,,
312,5,SURABAYA BARAT,16K02110012,CHANDRA,TRO,MANYAR,Tidak,Tidak,,,2,FERRY,,
313,5,SURABAYA BARAT,16K02110025,JAYA SAKTI,TRO,MANYAR,Tidak,Tidak,,,2,ERWIN,,
314,5,SURABAYA BARAT,16K02110033,MULIA,TRO,RAYA PERMATA SUCI GG PPS - 69,Tidak,Tidak,,,2,NASRUN,,
315,5,SURABAYA BARAT,16K02110043,SUMBER JOYO,TRO,KH. SYAFII  69,Tidak,Tidak,,,2,MUHAIMIN,,
316,5,SURABAYA BARAT,16K02110048,SUMBER WANGI PERMATA,TRO,PAYA PERMATA 110-PPS,Tidak,Tidak,,,2,TAKAP,,
317,5,SURABAYA BARAT,16K02110049,SUMBER WANGI RAYA,TRO,KANJENG BROTONEGORO,Tidak,Tidak,,,2,IRVAN,,
318,5,SURABAYA BARAT,16K02110052,TANPA NAMA,TRO,PASAR SEMBAYAT 66,Tidak,Tidak,,,2,ZEIN,,
319,5,SURABAYA BARAT,16K02110058,WARGA BUMI JAYA,TRO,RAYA BRAK 1/9  (DPN. SPBU WADENG),Tidak,Tidak,,,2,ANAM,,
320,5,SURABAYA BARAT,16K02110068,"CENTRAL ASIA BUILDING, PT ",TRO,RAYA GELADAK 08 A,Tidak,Tidak,,,2,LULU,,
321,5,SURABAYA BARAT,16K02110070,EVI INDAH ELEKTRIK,TRO,BUDI SANTOSO,Tidak,Tidak,,,2,DIDIN,,
322,5,SURABAYA BARAT,16K02110071,FITRI JAYA,TRO,GUBERNUR SURYO 8A,Tidak,Tidak,,,2,JOHAN,,
323,5,SURABAYA BARAT,16K02120015,BUMI SUBUR JAYA,TRO,DS SIDOLEMU,Tidak,Tidak,,,2,EDI,,
324,5,SURABAYA BARAT,16K02120020,EDI JAYA,TRO,PERANTI,Tidak,Tidak,,,2,EDI,,
325,5,SURABAYA BARAT,16K02120025,HARAPAN JAYA,TRO,RAYA DOMAS 1,Tidak,Tidak,,,2,MUKANI,,
326,5,SURABAYA BARAT,16K02120029,"IRMA, UD / H SYAFIQ",TRO,RAYA GADING WATU-DOMAS,Tidak,Tidak,,,2,H. SYAFIQ,,
327,5,SURABAYA BARAT,16K02120031,JAYA ABADI,TRO,RAYA MENGANTI 25 DEKAT PASAR,Tidak,Tidak,,,2,ROISUL,,
328,5,SURABAYA BARAT,16K01050016,MEGA HARDWARE,TRO,KUWUKAN 62,Tidak,Tidak,,,2,VIVIN,,
329,5,SURABAYA BARAT,16K02120098,DIKY BAROKAH,TRO,NGABLAK REJO,Tidak,Tidak,,,2,H. NUR CHOLIS,,
330,5,SURABAYA BARAT,16K02130004,"BINTANG UTAMA DRAJAT, UD ",TRO,RAYA SELATAN MAKAM SUNAN DRAJAT PACIRAN,Tidak,Tidak,,,2,MAHFUD,,
331,5,SURABAYA BARAT,16K02130012,SAHABAT,TRO,CAMPUREJO,Tidak,Tidak,,,2,ABDUL WAHID,,
332,5,SURABAYA BARAT,16K02140002,BINTANG UTAMA,TRO,RAYA GOLOKAN (PERTIGAAN DUKUN),Tidak,Tidak,,,2,WILDAN,,
333,5,SURABAYA BARAT,16K02140011,SARI BUMI GOLOKAN (PT. SARI BUMI SIDAYU),TRO,RAYA GOLOKAN (DEPAN POM BENSIN GOLOKAN),Tidak,Tidak,,,2,FARIZ,,
334,5,SURABAYA BARAT,16K02140012,SETIA,TRO,SITARDA 11 PANGKAH WETAN UJUNG,Tidak,Tidak,,,2,ZAINI,,
335,5,SURABAYA BARAT,16K02150004,LAHAN MANUNGGAL,TRO,SEKAPUK UTARA SAMPING PUSKESMAS,Tidak,Tidak,,,2,H. LULU,,
336,5,SURABAYA BARAT,16K02160014,"YADI JAYA, UD ",TRO,DS. PADENGANGAN,Tidak,Tidak,,,2,HERMAN,,
337,5,SURABAYA TIMUR,16C01010004,ASIA AFRIKA,TRO,BASUKI RAHMAT 161,Tidak,Tidak,,,2,RATNA,,
338,5,SURABAYA TIMUR,16C01030072,TIRTO MULYO,TRO,GENTENG BESAR 81,Tidak,Tidak,,,2,SONNY MULYO,,
339,5,SURABAYA TIMUR,16C01030120,CV. JAYA MORISINDO,TRO,UNDAAN 48 D,Tidak,Tidak,,,2,ALEX VICTOR ALAM,,
340,5,SURABAYA TIMUR,16C01030129,"PUTRA WISMA HARAPAN, CV",TRO,BALIWERTI NO 35,Tidak,Tidak,,,2,SUNDORO TJANDRA,,
341,5,SURABAYA TIMUR,16C01050015,JANGKAR MAS,TRO,DUKUH 91,Tidak,Tidak,,,2,ADI WIYONO/ AMING,,
342,5,SURABAYA TIMUR,16C01050035,SINGA MAS,TRO,DUKUH 89,Tidak,Tidak,,,2,FANNY WIJAYA ( FANG ),,
343,5,SURABAYA TIMUR,16C01050057,IMANUEL,TRO,DUKUH,Tidak,Tidak,,,2,LUKITO,,
344,5,SURABAYA TIMUR,16C01050058,GAJAH MADA,TRO,KEBALEN TIMUR 90,Tidak,Tidak,,,2,SIEN/ BAMBANG SUGIPURWANTO,,
345,5,SURABAYA TIMUR,16C01050064,SUMBER MAKMUR,TRO,SIDODADI IX / 39,Tidak,Tidak,,,2,YUWONO,,
346,5,SURABAYA TIMUR,16C01050073,"SEJAHTERA, CV ",TRO,KOPI 1,Tidak,Tidak,,,2,JEANY,,
347,5,SURABAYA TIMUR,16C01070011,CAHAYA AGUNG,TRO,KEBALEN TIMUR 94 B,Tidak,Tidak,,,2,FANNY,,
348,5,SURABAYA TIMUR,16C01070025,LOGAM JAYA (GUNAWAN SUSANTO),TRO,RAJAWALI 95,Tidak,Tidak,,,2,LILI / GUNAWAN SUSANTO,,
349,5,SURABAYA TIMUR,16C01070028,MANDIRI UTAMA,TRO,KALIMAS BARU 2,Tidak,Tidak,,,2,MARCELINA,,
350,5,SURABAYA TIMUR,16C01070047,TIMUR TERANG,TRO,KEBALEN TIMUR 109,Tidak,Tidak,,,2,YUNG / SALEN,,
351,5,SURABAYA TIMUR,16C01070067,SURYA KENCANA,TRO,JAGARAGA 2,Tidak,Tidak,,,2,BING IRAWATI GUNAWAN,,
352,5,SURABAYA TIMUR,16C01080027,LEO,TRO,POGOT 74,Tidak,Tidak,,,2,ALEX,,
353,5,SURABAYA TIMUR,16C01080050,WAHYU,TRO,POGOT 28,Tidak,Tidak,,,2,IWAN,,
354,5,SURABAYA TIMUR,16C01080060,"SINAR ABADI, UD ",TRO,KEDINDING LOR 71,Tidak,Tidak,,,2,MISBA ,,
355,5,SURABAYA TIMUR,16C01080065,BUMI JAYA,TRO,SIDOTOPO WETAN 30,Tidak,Tidak,,,2,KURNIAWAN SANTOSO,,
356,5,SURABAYA TIMUR,16C01080068,SARI JAYA,TRO,RANDU 32,Tidak,Tidak,,,2,MOCH ANWAR,,
357,5,SURABAYA TIMUR,16C01090020,ARIES JAYA,TRO,KYAI TAMBAK DERES 35,Tidak,Tidak,,,2,ARIES/ EVI,,
358,5,SURABAYA TIMUR,16C01100011,CAHAYA ABADI,TRO,KENJERAN 359,Tidak,Tidak,,,2,YOHANES HENDRA,,
359,5,SURABAYA TIMUR,16C01100014,DORO KASIH,TRO,KAPAS KRAMPUNG 6,Tidak,Tidak,,,2,SIU,,
360,5,SURABAYA TIMUR,16C01100023,HT UD ,TRO,KENJERAN 625,Tidak,Tidak,,,2,TEDJA  HERMANTO,,
361,5,SURABAYA TIMUR,16C01100043,SAUDARA,TRO,KETINTANG BARAT 56,Tidak,Tidak,,,2,YENNIE,,
362,5,SURABAYA TIMUR,16C01100048,SINAR HARAPAN,TRO,KENJERAN 383,Tidak,Tidak,,,2,HANNY CHANDRA TJIANG,,
363,5,SURABAYA TIMUR,16C01100049,SINAR INDAH,TRO,NGAGLIK 1A,Tidak,Tidak,,,2,GEING,,
364,5,SURABAYA TIMUR,16C01100052,SOPONYONO,TRO,PACAR KEMBANG 123,Tidak,Tidak,,,2,ANITA,,
365,5,SURABAYA TIMUR,16C01100056,SUMBER MAKMUR,TRO,KAPAS KRAMPUNG 18,Tidak,Tidak,,,2,LIK SUNJOYO,,
366,5,SURABAYA TIMUR,16C01100064,TUNGGAL JAYA,TRO,PLOSO BARU 24,Tidak,Tidak,,,2,ERNA / BENNY,,
367,5,SURABAYA TIMUR,16C01100071,SANTOSO,TRO,KEDUNG COWEK 103,Tidak,Tidak,,,2,LIDYA / DJUNAIDI SANTOSO,,
368,5,SURABAYA TIMUR,16C01100113,ASLI 2,TRO,JOLUTUNDO BARU 3/24,Tidak,Tidak,,,2,HARI RACHMAD,,
369,5,SURABAYA TIMUR,16C01100123,"WIJAYA PRATAMA NUSANTARA, PT",TRO,KEDUNG COWEK NO 19,Tidak,Tidak,,,2,AFANDY NAGA,,
370,5,SURABAYA TIMUR,16C01110039,IRWAN SANTOSO,TRO,KERTAJAYA 31,Tidak,Tidak,,,2,RATNA,,
371,5,SURABAYA TIMUR,16C01110054,HIDAYAH,TRO,JOJORAN 48 A,Tidak,Tidak,,,2,KUSNO,,
372,5,SURABAYA TIMUR,16C01110088,SUMBER JAYA,TRO,RAYA MENUR 103A,Tidak,Tidak,,,2,HENDRY,,
373,5,SURABAYA TIMUR,16C01110097,"TIGA JAYA, CV",TRO,NGAGEL JAYA SELATAN 90,Tidak,Tidak,,,2,CHANDRA,,
374,5,SURABAYA TIMUR,16C01120003,ANEKA JAYA,TRO,RUNGKUT LOR V/K 11,Tidak,Tidak,,,2,ANDREY,,
375,5,SURABAYA TIMUR,16C01120010,ATLAS,TRO,JEMURSARI 33 (DEKAT REL KERETA),Tidak,Tidak,,,2,YOANA,,
376,5,SURABAYA TIMUR,16C01120024,JAYA MAKMUR,TRO,RUNGKUT TENGAH 79,Tidak,Tidak,,,2,IWAN,,
377,5,SURABAYA TIMUR,16C01120036,MUBAROK,TRO,WONOREJO SELATAN 36,Tidak,Tidak,,,2,RAY HANA,,
378,5,SURABAYA TIMUR,16C01120045,PUTRA MAS,TRO,RUNGKUT KIDUL INDUSTRI 50,Tidak,Tidak,,,2,BENNY / YENNY,,
379,5,SURABAYA TIMUR,16C01120048,SAHABAT BARU,TRO,PENJARINGAN SARI PS II / D 35,Tidak,Tidak,,,2,LIANG  VIVI MAGDALENA,,
380,5,SURABAYA TIMUR,16C01120049,SANTOSO,TRO,RAYA  RUNGKUT KIDUL 35,Tidak,Tidak,,,2,BUDI SANTOSO,,
381,5,SURABAYA TIMUR,16C01120060,SURYA KENCANA,TRO,RAYA KALI RUNGKUT 12,Tidak,Tidak,,,2,BAMBANG,,
382,5,SURABAYA TIMUR,16C01120066,MAJU UTAMA,TRO,PENJARINGAN SARI IID/26,Tidak,Tidak,,,2,EDDY,,
383,5,SURABAYA TIMUR,16C01120161,VIA STEEL,TRO,MEDAYU UTARA GANG I / 12 C,Tidak,Tidak,,,2,SUMAJI,,
384,5,SURABAYA TIMUR,16C01120168,"ANAK JAWI SEJAHTERA, CV",TRO,RAYA RUNGKUT MENANGGAL 37,Tidak,Tidak,,,2,SETIOWATI,,
385,5,SURABAYA TIMUR,16C01140021,SINAR TERANG,TRO,GUNUNG ANYAR LOR 116,Tidak,Tidak,,,2,MIMIN,,
386,5,SURABAYA TIMUR,16C01150009,"KLAMPIS DEPO, UD ",TRO,RAYA KLAMPIS HARAPAN BLOK G / 168,Tidak,Tidak,,,2,STEVANUS HALIM,,
387,5,SURABAYA TIMUR,16C01150019,BUDI KARYA/BINTANG TIMUR,TRO,KEPUTIH TEGAL 16,Tidak,Tidak,,,2,EUNIKE / MARIA,,
388,5,SURABAYA TIMUR,16C01150025,DELAPAN DELAPAN JAYA,TRO,RAYA SEMAMPIR 59,Tidak,Tidak,,,2,ALEX,,
389,5,SURABAYA TIMUR,16C01150028,ENAM EMPAT (64),TRO,NGAGEL JAYA 75,Tidak,Tidak,,,2,YOHANES  BUDI,,
390,5,SURABAYA TIMUR,16C01150043,MARTHA,TRO,PUCANG ANOM 40,Tidak,Tidak,,,2,LILI / TANDU,,
391,5,SURABAYA TIMUR,16C01150045,MEGA BANGUNAN,TRO,BRATANG GEDE 113,Tidak,Tidak,,,2,LINDA / IVAN,,
392,5,SURABAYA TIMUR,16C01150066,SINAR TERANG,TRO,PUCANG ANOM 71,Tidak,Tidak,,,2,RUDI ( HWAT ),,
393,5,SURABAYA TIMUR,16C01150093,WARNA JAYA,TRO,KEPUTIH UTARA 57,Tidak,Tidak,,,2,HENI YULIANI,,
394,5,SURABAYA TIMUR,16C01150109,PUTRA SEJATI,TRO,BARATA JAYA 26,Tidak,Tidak,,,2,HENDRO DARMAWAN,,
395,5,SURABAYA TIMUR,16C01150111,KOTA JAYA,TRO,BARATA JAYA 80,Tidak,Tidak,,,2,LANNY,,
396,5,SURABAYA TIMUR,16C01160008,BINA BANGUN,TRO,MULYOSARI POJOK JEMBATAN ITS 1,Tidak,Tidak,,,2,FITRI,,
397,5,SURABAYA TIMUR,16C01160027,SINAR JAYA,TRO,KEJAWAN PUTIH TAMBAK 52,Tidak,Tidak,,,2,AGUS,,
398,5,SURABAYA TIMUR,16C01160052,FAJAR BANGUNAN,TRO,RUKO GALAXY BUMI PERMAI BLOK H5-12C,Tidak,Tidak,,,2,PAK KHO SUCIPTO/ BU  NANCY,,
399,5,SURABAYA TIMUR,16C01170010,JAYA RAYA,TRO,"SAWAHAN BARU 2, 72",Tidak,Tidak,,,2,BP.AGUS HARIYANTO,,
400,5,SURABAYA TIMUR,16C01170027,SINAR TERANG,TRO,TIDAR 91 R,Tidak,Tidak,,,2,PAK CIPTO/ BU LANNY,,
401,5,SURABAYA TIMUR,16C01170029,SURYA JAYA,TRO,TIDAR 91,Tidak,Tidak,,,2,BP.JOYO SAMPURNO,,
402,5,SURABAYA TIMUR,16C01170039,SAUDARA JAYA,TRO,PETEMON BARAT 8,Tidak,Tidak,,,2,BU LILIANAWATI / PAK ODDY,,
403,5,SURABAYA TIMUR,16C01170051,CAHAYA BARU,TRO,BANYU URIP KIDUL 4 NO 9,Tidak,Tidak,,,2,BAPAK SUMADI,,
404,5,SURABAYA TIMUR,16C01170056,"CATUR MITRA SEJATI SENTOSA, PT",MTO,KEDUNGDORO,Tidak,Tidak,,1,1,REVA,,
405,5,SURABAYA TIMUR,16C01170070,"ANAK TAWI MAKMUR, CV ",TRO,TIDAR 143 PETEMON,Tidak,Tidak,,,2,RIANIK,,
406,5,SURABAYA TIMUR,16C01170083,SINAR MULIA,TRO,PETEMON KALI 63A,Tidak,Tidak,,,2,LUKAS / RATNAWATI TWENNY PUTRI,,
407,5,SURABAYA TIMUR,16C01180007,KARYA BERSAMA,TRO,KARANGAN 111,Tidak,Tidak,,,2,ATENG,,
408,5,SURABAYA TIMUR,16C01180034,"HAJI NUR, UD ",TRO,KEMBANG KUNING  97,Tidak,Tidak,,,2,ACHMAD SODIQ / HAJI NUR,,
409,5,SURABAYA TIMUR,16C01190008,DUA CAHAYA,TRO,MASTRIP KARANG PILANG BARAT 43,Tidak,Tidak,,,2,HANDIK,,
410,5,SURABAYA TIMUR,16C01190023,SINAR SURYA,TRO,RUKO KEBRAON SELATAN FA-36,Tidak,Tidak,,,2,ANTONIUS,,
411,5,SURABAYA TIMUR,16C01190030,TRI STAR JY / ANTARIKSA,TRO,KEBRAON II BALASKLUMPRIK 44,Tidak,Tidak,,,2,ERNA,,
412,5,SURABAYA TIMUR,16C01190043,SETIA JAYA,TRO,A YANI 201,Tidak,Tidak,,,2,NANANG,,
413,5,SURABAYA TIMUR,16C01200002,ANIKA JAYA,TRO,DUKUH KUPANG VI/15-17,Tidak,Tidak,,,2,KATAM,,
414,5,SURABAYA TIMUR,16C01200004,ARTHA,TRO,MAYJEND. SUNGKONO 129,Tidak,Tidak,,,2,SUGIANTO,,
415,5,SURABAYA TIMUR,16C01200020,"NORTON, CV ",MTO,DUKUH KUPANG XXII NO.14-16,Tidak,Tidak,,,8,8 PESERTA,,
416,5,SURABAYA TIMUR,16C01200022,SAMA BAHAGIA,TRO,DUKUH KUPANG BARAT 55,Tidak,Tidak,,,2,ANTON,,
417,5,SURABAYA TIMUR,16C01200025,TERANG,TRO,DUKUH KUPANG 100,Tidak,Tidak,,,2,YENNY CHANDRA,,
418,5,SURABAYA TIMUR,16C01200044,"TRI SURYA ABADI, PT ",TRO,PAKIS BUKIT ASOKA J/12,Tidak,Tidak,,,2,YAN SURYO,,
419,5,SURABAYA TIMUR,16C01210005,BANGUNAN KITA,TRO,WIYUNG-MENGANTI 63,Tidak,Tidak,,,2,EKO / ALEX,,
420,5,SURABAYA TIMUR,16C01210047,"CATUR MITRA SEJATI SENTOSA, PT",MTO,MENGANTI WIYUNG,Tidak,Tidak,,1,1,ZENUAR,,
421,5,SURABAYA TIMUR,16C01210057,INDAH JAYA,TRO,MENGANTI WIYUNG 31,Tidak,Tidak,,,2,MUSTONO / MUYATI,,
422,5,SURABAYA TIMUR,16C01220014,MATAHARI,TRO,BENDUL MERISI 138,Tidak,Tidak,,,2,HWA,,
423,5,SURABAYA TIMUR,16C01220020,SLAMET,TRO,BENDUL MERISI 117,Tidak,Tidak,,,2,BAMBANG SOELAKSONO/ BU VIVI,,
424,5,SURABAYA TIMUR,16C01240004,BHAKTI JAYA,TRO,JAMBANGAN BARU 9,Tidak,Tidak,,,2,BHAKTI,,
425,5,SURABAYA TIMUR,16C01240028,"PUTRA BANGUN PERSADA, CV",TRO,KARAH INDAH 22,Tidak,Tidak,,,2,STEVEN WARDANA,,
426,5,SURABAYA TIMUR,16C01250090,"SUMBER MAS BANGUNAN, PT ",MTO,ARU 16 RT 016 RW 004 MANDALA - MERAUKE,Ya,Tidak,,,2,UNGGUL & CHARLES,,(Pak charles tidak klaim tiket dan hotel) Undangan Kirim ke Tangerang/Mendrisio 
427,5,SURABAYA TIMUR,16C01030078,"SOPONYONO, UD ",TRO,KALIBUTUH 128 A,Tidak,Tidak,CADANGAN,,2,BUDI,,
428,5,SURABAYA TIMUR,16C01030117,DWI PUTRA JAYA,TRO,SEMARANG 84 I,Tidak,Tidak,CADANGAN,,2,KRISTANTO TANUWIJAYA / HENI,,
429,5,SURABAYA TIMUR,16C01060026,EMPAT SATU,TRO,WONOKUSUMO 41,Tidak,Tidak,CADANGAN,,2,ILHAM,,
430,5,SURABAYA TIMUR,16C01080022,JAYA ABADI,TRO,SIDOYOSO I/8,Tidak,Tidak,CADANGAN,,2,ERNA,,
431,5,SURABAYA TIMUR,16C01090017,SURYA SAKTI,TRO,KAPAS GADING MADYA I/22,Tidak,Tidak,CADANGAN,,2,FREDY,,
432,5,SURABAYA TIMUR,16C01090018,WIDJOJO,TRO,KYAI TAMBAK DERES 8,Tidak,Tidak,CADANGAN,,2,ANDI / LING,,
433,5,SURABAYA TIMUR,16C01100030,MAJU,TRO,KALI KEPITING 85,Tidak,Tidak,CADANGAN,,2,AGUS,,
434,5,SURABAYA TIMUR,16C01100044,SAUDARA KITA,TRO,TAMBANG BOYO 90,Tidak,Tidak,CADANGAN,,2,FENDY,,
435,5,SURABAYA TIMUR,16C01120165,"SEMEN INDONESIA DISTRIBUTOR, PT ",TRO,RUNGKUT LOR 40,Tidak,Tidak,CADANGAN,,2,NUZULIA FITHRIANA / GANANG,,
436,5,SURABAYA TIMUR,16C01130038,KERTO RAHARJO,TRO,KENDANGSARI INDUSTRI 19,Tidak,Tidak,CADANGAN,,2,MELLY,,
437,5,SURABAYA TIMUR,16C01130059,KERTOHARJO,TRO,KUTISARI UTARA 37,Tidak,Tidak,CADANGAN,,2,AGUS,,
438,5,SURABAYA TIMUR,16C01150006,ANUGRAH JAYA,TRO,RAYA MANYAR 12A,Tidak,Tidak,CADANGAN,,2,LISA,,
439,5,SURABAYA TIMUR,16C01150053,SARI AGUNG,TRO,KEPUTIH 10 (MENUR PUMPUNGAN),Tidak,Tidak,CADANGAN,,2,ELLY,,
440,5,SURABAYA TIMUR,16C01160011,HOKI,TRO,TEMPUREJO 16,Tidak,Tidak,CADANGAN,,2,HENNYKA,,
441,5,SURABAYA TIMUR,16C01160045,PUTRA MAKMUR,TRO,WIRATNO 53 A,Tidak,Tidak,CADANGAN,,2,CHANDRA / LENY,VEGETARIAN,
442,5,SURABAYA TIMUR,16C01170062,"JAYA MAKMUR, UD ",TRO,KAWI 19,Tidak,Tidak,CADANGAN,,2,YULIA,,
443,5,SURABAYA TIMUR,16C01230011,INTI JAYA SUKSES PERDANA,TRO,GAYUNGSARI TIMUR VIII-IX MGK RT 00 RW 00,Tidak,Tidak,CADANGAN,,2,JHONNY TANNER/ TOMY,,
444,5,SURABAYA TIMUR,16C01270041,"KOTA MAS NUSANTARA, CV ",TRO,MARGOMULYO 46 / G 27,Tidak,Tidak,CADANGAN,,2,SULIS,,
445,5,SURABAYA TIMUR,16C01310004,"BUMI JAYA INDAH ABADI, PT ",TRO,RY DUKUH KUPANG 44,Tidak,Tidak,,,2,SUSAN / SIANG,,
446,5,SURABAYA TIMUR,16C01080022,JAYA ABADI,TRO,SIDOYOSO I/8,Tidak,Tidak,,,2,ERNA,,
447,5,SURABAYA TIMUR,16C01210018,MEGA DOBO,TRO,GRAHA FAMILY G - 107,Tidak,Tidak,,,2,JEFFRY TENNY,,
448,5,SURABAYA TIMUR,16C01160032,SUMBER MAKMUR JAYA (CAF)70097006,TRO,MULYOSARI 100/PC 24,Tidak,Tidak,,,2,LILI,,
449,5,SURABAYA TIMUR,16C01030034,A SIANG,TRO,BUBUTAN,Tidak,Tidak,,,2,ASIANG,,
450,5,TUBAN,16A03010051,"JAYA ANUGERAH YAKUN ABADI, PT ",MTO,P. SUDIRMAN 151 RT. 01 RW. 03 SIDOMULYO,Ya,Tidak,,,2,YENI & BUDI,,
451,6,BULUKUMBA,27C11220051,SWALAYAN JAYA BESI,MTO,SUKAWATI,Ya,Tidak,,,1,DHARMA,,
452,6,GORONTALO,25A03030027,KARYA AGUNG JAYA,TRO,S PARMAN 60,Ya,Tidak,,,2,SUSANTI LAMUSU & DEASY CHRIDTINE BOLANG,,
453,6,GORONTALO,25A05030007,FARJIDAN JAYA,TRO,KOMPLEK PASAR BONGOMEME,Ya,Tidak,CADANGAN,,1,IRWAN YUSUF ALI,,
454,6,KENDARI,29A01060066,"SINAR MITRA BANGUNAN, PT ",MTO,SULTAN HASANUDIN,Ya,Tidak,,,1,ISKANDAR KATO,,
455,6,KENDARI,29A01060072,INTAN BUILDING CENTER (CV. INTAN CAHAYA GEMILANG),MTO,BUDI UTOMO,Ya,Tidak,,,1,ADI,,
456,6,KENDARI,29A05030064,"CIPTA ANEKA SARANA, CV ",MTO,BRIGJEN M. YOENOES NO. 149,Ya,Tidak,,,1,EDDY TENDEAN,,
457,6,KENDARI,29A05070051,ERA BANGUNAN,TRO,SARANANI,Ya,Tidak,,,1,,,
458,6,KENDARI,29A08190005,BUANA INDAH,TRO,PUNGGAWA,Ya,Tidak,,,1,,,
459,6,LUWUK,26B02010089,TIGA KEMBAR,TRO,TRANS SULAWESI (SAMPING KANTOR KELURAHAN),Ya,Tidak,,,2,LUNARDY & JESICA ISKANDAR,,
460,6,MAKASSAR,27A01010015,CAHAYA SURYA,TRO,GOA RIA 4 SUDIANG,Ya,Tidak,,,1,POA TEK CHUAN,,
461,6,MAKASSAR,27A01140035,SUMBER LOGAM,TRO,SULAWESI 370 BUTUNG,Ya,Tidak,,,1,BENNY TANSU,,
461,6,MAKASSAR,27A01030056,TOP MURAH,MTO,BULUKUNYI 15,Ya,Tidak,,,1,SWANNY (GRUP MODE),,
462,6,MAKASSAR,27A01050008,"MEGA INDAH SARI TIM0R, PT ",MTO,ANTANG RAYA 49A,Ya,Tidak,,,1,HJ. YASIN,,
463,6,MAKASSAR,27A01070069,"HAOMART PRIMA NUSANTARA, PT ",MTO,AP PETTARANI 44,Ya,Tidak,,,1,ERIK PHITOYO,,
464,6,MAKASSAR,27A01120018,"SURYA UTAMA NUSANTARA, CV ",MTO,"VETERAN 301C MARICAYA KOTA, MAKASAR",Ya,Tidak,,,1,JOHAN SUMAWI,,
465,6,MAKASSAR,27A01140045,"MITRA 3, CV ",MTO,SULAWESI 364,Ya,Tidak,,,1,ROY,,
466,6,MAKASSAR,27A01110050,USAHA MAJU,TRO,ST. ALAUDIN 222,Ya,Tidak,CADANGAN,,1,,,
467,6,MANADO,24A02020008,SANDY,TRO,NURA RAI,Ya,Tidak,,,1,I MADE WIDYA,,
468,6,MANADO,24A16030018,"SIMPLE JAYA, PT ",MTO,LINGKUNGAN III LAPANGAN MAPANGET,Ya,Tidak,,,1,LILY,,
469,6,MANADO,24A16060018,"BINA KARYA SARANA BANGUN,CV ",MTO,SUDIRMAN 139 MANADO,Ya,Tidak,,,1,ANTHONY,,
470,6,MANADO,24A16090017,GRAND HARDWARE (TJITROSANTOSO SION),MTO,ITC. MARINA PLAZA BLOK B.7 - B.10,Ya,Tidak,,,1,MAXI,,
471,6,MANADO,24A16080018,"MITRA KERJA SEJATI, CV ",TRO,SAM RATULANGI LINGK. 1,Ya,Tidak,CADANGAN,,1,,,
472,6,PALOPO,27D04050015,WINO BANGUNAN,TRO,"VETERAN, WAWONDULA",Ya,Tidak,,,1,EFRI RANDE BUNGA,,
473,6,PALU,26A01010119,PELITA SAHABUDIN,TRO,DURIAN,Ya,Tidak,,,1,HI IDRIS SE,,
474,6,PALU,26A01020126,"UNION BANGUNAN, CV ",MTO,I GUSTI NGURAH RAI,Ya,Tidak,,,1,ERICK,,
475,7,BALIKPAPAN,23B03040016,DUNIA WARNA (AB),TRO,PATIMURA RUKO BATU AMPAR 2-3,Ya,Tidak,,,1,BUDI,,
476,7,BANJARMASIN,22A03040059,"PUTRA GEMILANG PRIMA, PT ",TRO,SUTOYO S  94 / 202,Ya,Tidak,,,1,ANDRY TANUJAYA,,
477,7,PALANGKARAYA,21B01030018,KARYA SUBUR JAYA,TRO,LETKOL DARMOSUGONDO 60,Ya,Tidak,,,1,FENNY,,
478,7,PALANGKARAYA,21B04090013,MAKITA II,TRO,A.YANI 9 KAPUAS,Ya,Tidak,,,1,ARFANI,,
479,7,PONTIANAK,20A01050076,"MULTI DEPO, PT ",MTO,R. SOEPRAPTO 12,Ya,Tidak,,,1,APHIANG,,
480,7,PONTIANAK,20A01130016,STUDIO BANGUNAN / PT. RAJAWALI FAJAR PERSADA,MTO,SEIRAYA DALAM 1 RUKO TAMAN MUTIARA ALAM 2-7,Ya,Tidak,,,2,FRENKY,,
481,7,PONTIANAK,20A02040008,THONG,MTO,ALIANYANG 76,Ya,Tidak,,,1,ATHONG,,
482,7,PONTIANAK,20A03080034,SURYA GOLD,MTO,AHMAD MARZUKI,Ya,Tidak,,,1,AKHIAN,,
483,7,PONTIANAK,20A03120005,SUMBER PEMBANGUNAN,TRO,STADION 3 SENTEBANG,Ya,Tidak,,,1,WESLEY,,
484,7,PONTIANAK,20A09130035,"SURYA, CV ",MTO,JL. TEGAS RT. 01 RW. 01,Ya,Tidak,,,1,ERYAN,,
485,7,SAMARINDA,23A01010145,SINAR CITRA,TRO,AGUS SALIM 70,Ya,Tidak,,,1,DAVID HERMANTO,,
486,7,SAMARINDA,23A02010025,"MEGAH JAYA KERAMIK, UD",MTO,PATTIMURA 88,Ya,Tidak,,,1,AYEN,,
487,7,SAMPIT,21A05030010,AMANAH,TRO,AIS NASUTION,Ya,Tidak,,,1,HJ MASWATUN,,
488,7,SAMPIT,21A06060006,"KARYA JAYA, CV ",MTO,PELITA 108 A/B,Ya,Tidak,,,1,YOYONG,,
489,7,SAMPIT,21A06060044,"SAMUDRA MAS SAMPIT, PT ",MTO,PANGERAN ANTASARI,Ya,Tidak,,,1,YULIANA / YEYE,,
490,7,SAMPIT,21A06060132,ANAM,TRO,PRAMUKA,Ya,Tidak,Cadangan,,1,,,
491,7,TARAKAN,23C06060013,INDAH JAYA,TRO,A. YANI 8,Ya,Tidak,,,1,LIDYA,,
492,8,AMBON,31A01020148,BONNY,TRO,YOS SUDARSO,Ya,Tidak,,,1,ZULFIKAR RAJO BUJANG (081240408187),,
493,8,AMBON,31A01020144,SABURO,TRO,RUKO BT MERAH BLOK L,Ya,Tidak,Cadangan,,1,,,
494,8,BALI,17A01010118,"CATUR MITRA SEJATI SENTOSA, PT",MTO,GATOT SUBROTO,Tidak,Ya,,1,1,ARTHA,,
495,8,BALI,17A02010005,"NAGA MAS,UD ",TRO,SUNSET ROAD 23,Ya,Tidak,,,1,HENDRA WIJAYA   (087762811688),,
496,8,BALI,17A05020104,"CATUR MITRA SEJATI SENTOSA, PT",MTO,BY PASS NGURAH RAI,Tidak,Ya,,1,1,KOMANG,,
497,8,BALI,17A07020021,"BAGOES BALIINDO JAYA, PT ",MTO,RAYA SEMABAUNG 18,Ya,Tidak,,,1,BAGOES,,
498,8,BALI,17A02010048,"JAYA RAYA,CV ",TRO,RAYA SEMABAUNG 18,Ya,Tidak,Cadangan,,1,FIFI STEFIANI (087762767207),,
499,8,JAYAPURA,33A01030002,"PADMA KENCANA, CV",MTO,"BARU KOTARAJA WAI MHOROCK ABEPURA ARDIPURA,",Ya,Tidak,,,1,KARINA,,
500,8,JAYAPURA,33A01030021,"MITRA MAKMUR PERMAI, PT ",MTO,KOTARAJA ABEPURA RUKO KOTARAJA 8,Ya,Tidak,,,1,HADI,,
501,8,JAYAPURA,33A03010004,UNGGUL JAYA PERTAMA,TRO,KAMP WOLKER YABANSAI WAENA PERUMNAS 3,Ya,Tidak,,,1,ARIYANTO (085231044783),,
502,8,JAYAPURA,33A03010005,"MULTI BANGUNAN, CV",MTO,BARU.WAI MHOROCK NO98 RT.003 RW.006 KEL.HEDAM,Ya,Tidak,,,1,ERWIN,,
503,8,KUPANG,19A01010049,"SINAR BANGUNAN CENTER, PT ",MTO,BUNDARAN PU RT.022 RW.006 TUAK DAUN MERAH,Ya,Tidak,,,1,MEYKE,,
504,8,KUPANG,19A01010073,"SURYA BANGUNAN, CV ",TRO,BUNDARAN PU NO. 88 RT. 021 RW. 006,Ya,Tidak,,,1,LYSSS LAKSMONO (0811383555),,
505,8,LOMBOK,18A01030021,ANUGERAH (MATARAM),TRO,HOS COKTOAMINOTO 53 C CEMARA,Ya,Tidak,,,1,DAVID (08175775755),,
506,8,LOMBOK,18A01040015,"BALE CITRA LESTARI, PT",MTO,BRAWIJAYA NO. 112,Ya,Tidak,,,2,RONI ANGGADA,,
507,8,LOMBOK,18A01040016,"PION MITRA MANDIRI, PT",MTO,AHMAD YANI 89 SELAGALAS,Ya,Tidak,,,1,ANDI,,
508,8,LOMBOK,18A04050010,"METRO BANGUNAN UTAMA, CV (CV. METRO BANGUN UTAMA)",MTO,DUSUN TANAK MALIT SELATAN DESA MASBAGIK SELATAN,Ya,Tidak,,,1,YOGA BASKARA,,
509,8,LOMBOK,18A01040001,MUSTI JAYA BANGUNAN,TRO,GORA 2 SELAGALAS,Ya,Tidak,Cadangan,,1,MADE PURWANTARA (081905617850),,
510,8,SORONG,32A01010013,MAKMUR SEJAHTERA (JOHN HUS YEN),TRO,JEND. SUDIRMAN 33-39,Ya,Tidak,,,1,ALEXANDER TANDIAWAN (08134435589),,
511,8,SORONG,32A01010020,"PAPUA ABADI, CV",TRO,BASUKI RAHMAT RT.002/RW.003,Ya,Tidak,,,1,OEY TJIE BING (081344402076),,
512,8,SORONG,32A01010034,"MULTI INDAH LESTARI, PT ",MTO,"JENDRAL SUDIRMAN 1 SORONG, PAPUA BARAT",Tidak,Tidak,,,2,VIVI & MELIANA,,
513,8,SORONG,32A01040006,"MAKMUR ABADI, CV ",MTO,JENDRAL AHMAD YANI 31,Ya,Tidak,,,2,HARSONO & LIDYA,,
